module,canonical_title,kebab_title,slug,aliases_semi_colon
00,TBD (fill from Module Map),tbd,/sap/module-00-tbd,
01,TBD (fill from Module Map),tbd,/sap/module-01-tbd,
02,TBD (fill from Module Map),tbd,/sap/module-02-tbd,
03,TBD (fill from Module Map),tbd,/sap/module-03-tbd,
04,TBD (fill from Module Map),tbd,/sap/module-04-tbd,
05,TBD (fill from Module Map),tbd,/sap/module-05-tbd,
06,TBD (fill from Module Map),tbd,/sap/module-06-tbd,
07,TBD (fill from Module Map),tbd,/sap/module-07-tbd,
08,TBD (fill from Module Map),tbd,/sap/module-08-tbd,
09,TBD (fill from Module Map),tbd,/sap/module-09-tbd,
